Tran Ngoc Huy,1510/2021,nữ,12345423,2345678,Auynhnhuctnc@gmal.com,vip,quang nam
pham thi quynh nhu,28/09/2000,nu,1234567890,085502607,Cruongduchuy910@gmail.com,trung binh,thanh hoa
nguyen thi nga,06/03/2000,nu,123456765,019942,Aguyennga123@gmail.com,trung binh,San Son
Le Canh Trang,02/42/1993,thu3,123 456 324,1234,quynhnhu@gmail.com,vip,thanh hoa
Le Canh Trang,02/42/1991,thu3,123 456 324,1234,quynhnhu@gmail.com,vip,thanh hoa
nguyen thi nga,06/03/2004,nu,123456765,019942,nguyennga123@gmail.com,trung binh,San Son
A Thi A,02/42/1993,thu3,123 456 324,1234,quynhnhu@gmail.com,vip,thanh hoa
